{
  "run_timestamp": "2026-05-04T17:02:54.823578Z",
  "train_window": "2020-01",
  "test_window": "2020-03",
  "jsd_normalized": 0.2125,
  "top50_item_overlap_pct": 70.0,
  "test_item_coverage_pct": 71.3,
  "n_train_items": 227608,
  "n_test_items": 263383,
  "n_train_events": 55967041,
  "n_test_events": 56341241,
  "alert": true,
  "alert_threshold": 0.1,
  "narrative": "Jensen-Shannon divergence of 0.212 EXCEEDS threshold 0.10 \u2014 distribution shift detected (COVID-19 period)",
  "train_top20_items": [
    1004767,
    1005115,
    1005160,
    1005100,
    4804056,
    1002544,
    1004873,
    1005212,
    1005105,
    1005174,
    1004856,
    4804718,
    1004903,
    1004249,
    1004870,
    1005161,
    5100816,
    1004785,
    1005159,
    1005253
  ],
  "train_top20_probs": [
    0.016152524483114983,
    0.01102897328447291,
    0.009055901311630893,
    0.008596577403475735,
    0.005768126994600269,
    0.005544959934544333,
    0.005405610062536628,
    0.005315253311319425,
    0.005148047759037324,
    0.0046177535096057695,
    0.004505776891081306,
    0.004173724317496077,
    0.004062265861080631,
    0.0038563410918937093,
    0.003653167942182257,
    0.003353062742766765,
    0.0032166074315059822,
    0.0026571531626980245,
    0.002630208733029141,
    0.0025931154730870977
  ],
  "test_top20_items": [
    1004767,
    1005115,
    1005160,
    100068488,
    1005100,
    4804056,
    1005212,
    1002544,
    1004856,
    1005105,
    100068493,
    1004836,
    1004249,
    1004226,
    5100816,
    1005116,
    1004873,
    4804055,
    100086203,
    1005169
  ],
  "test_top20_probs": [
    0.007949381164678287,
    0.007738949165141748,
    0.0074607515301269274,
    0.006323094658138609,
    0.006155561962151313,
    0.005111850482668637,
    0.004990429657025126,
    0.0047968946938886205,
    0.004606678791473549,
    0.003795905028077035,
    0.0030905425033147566,
    0.0030706813859495926,
    0.003055576997318891,
    0.002819657451279783,
    0.0028174210788150726,
    0.0025095471361733053,
    0.0023651768692847927,
    0.002264575606348465,
    0.002262463476798461,
    0.0022131922866235765
  ]
}